Comensales,Comida
Wright,ensaladas
Russell,pasta
Perry,sándwiches
Montgomery,sándwiches
Ochoa,ensaladas
Tran,fideos
Talley,fideos
Pena,empanadas
Morrison,mariscos
Edwards,pasta
Boone,ensaladas
Dalton,empanadas
Wright,fideos
Mckay,empanadas
Nixon,sándwiches
Dunn,sándwiches
Flynn,fideos
Mcpherson,sándwiches
Ferguson,ensaladas
Gentry,fideos
Medina,pasta
Willis,mariscos
Mcintosh,empanadas
Hall,sándwiches
Wilcox,pasta
Clarke,pasta
Whitley,mariscos
Ball,fideos
Delacruz,sándwiches
Park,sándwiches
Wong,empanadas
Brewer,pasta
Contreras,empanadas
Houston,pasta
Mann,fideos
Myers,empanadas
Martinez,fideos
Sweeney,sándwiches
Sandoval,ensaladas
Cochran,sándwiches
Callahan,pasta
Roy,fideos
Emerson,empanadas
Mathis,mariscos
Solomon,sándwiches
Solis,empanadas
Juarez,fideos
Vaughn,ensaladas
Deleon,empanadas
Bridges,pasta
Burton,empanadas
Shaw,fideos
Mclean,ensaladas
Randolph,sándwiches
Noble,empanadas
Frost,mariscos
Hammond,sándwiches
Morrow,ensaladas
Neal,mariscos
Parrish,ensaladas
Franco,ensaladas
Bowen,fideos
King,pasta
Bullock,empanadas
Woods,pasta
Delacruz,mariscos
Pruitt,mariscos
Wyatt,empanadas
Henson,pasta
Dean,mariscos
Benton,empanadas
Roth,pasta
Webster,pasta
Curtis,fideos
Jefferson,fideos
Lewis,empanadas
Sweeney,empanadas
Bishop,pasta
Holder,sándwiches
Lawson,sándwiches
Patrick,pasta
Holder,ensaladas
Hyde,fideos
Walter,mariscos
Rodgers,empanadas
Peters,ensaladas
Ayers,sándwiches
Kemp,ensaladas
Waller,ensaladas
Sykes,mariscos
Pugh,sándwiches
Mcmillan,empanadas
Underwood,sándwiches
Holder,ensaladas
Martinez,sándwiches
Calhoun,empanadas
Jordan,mariscos
Savage,pasta
Hale,empanadas
Patton,empanadas